name,type,direction,description
feature_0000,float,,Feature 0 of the MolMap descriptor
feature_0001,float,,Feature 1 of the MolMap descriptor
feature_0002,float,,Feature 2 of the MolMap descriptor
feature_0003,float,,Feature 3 of the MolMap descriptor
feature_0004,float,,Feature 4 of the MolMap descriptor
feature_0005,float,,Feature 5 of the MolMap descriptor
feature_0006,float,,Feature 6 of the MolMap descriptor
feature_0007,float,,Feature 7 of the MolMap descriptor
feature_0008,float,,Feature 8 of the MolMap descriptor
feature_0009,float,,Feature 9 of the MolMap descriptor
feature_0010,float,,Feature 10 of the MolMap descriptor
feature_0011,float,,Feature 11 of the MolMap descriptor
feature_0012,float,,Feature 12 of the MolMap descriptor
feature_0013,float,,Feature 13 of the MolMap descriptor
feature_0014,float,,Feature 14 of the MolMap descriptor
feature_0015,float,,Feature 15 of the MolMap descriptor
feature_0016,float,,Feature 16 of the MolMap descriptor
feature_0017,float,,Feature 17 of the MolMap descriptor
feature_0018,float,,Feature 18 of the MolMap descriptor
feature_0019,float,,Feature 19 of the MolMap descriptor
feature_0020,float,,Feature 20 of the MolMap descriptor
feature_0021,float,,Feature 21 of the MolMap descriptor
feature_0022,float,,Feature 22 of the MolMap descriptor
feature_0023,float,,Feature 23 of the MolMap descriptor
feature_0024,float,,Feature 24 of the MolMap descriptor
feature_0025,float,,Feature 25 of the MolMap descriptor
feature_0026,float,,Feature 26 of the MolMap descriptor
feature_0027,float,,Feature 27 of the MolMap descriptor
feature_0028,float,,Feature 28 of the MolMap descriptor
feature_0029,float,,Feature 29 of the MolMap descriptor
feature_0030,float,,Feature 30 of the MolMap descriptor
feature_0031,float,,Feature 31 of the MolMap descriptor
feature_0032,float,,Feature 32 of the MolMap descriptor
feature_0033,float,,Feature 33 of the MolMap descriptor
feature_0034,float,,Feature 34 of the MolMap descriptor
feature_0035,float,,Feature 35 of the MolMap descriptor
feature_0036,float,,Feature 36 of the MolMap descriptor
feature_0037,float,,Feature 37 of the MolMap descriptor
feature_0038,float,,Feature 38 of the MolMap descriptor
feature_0039,float,,Feature 39 of the MolMap descriptor
feature_0040,float,,Feature 40 of the MolMap descriptor
feature_0041,float,,Feature 41 of the MolMap descriptor
feature_0042,float,,Feature 42 of the MolMap descriptor
feature_0043,float,,Feature 43 of the MolMap descriptor
feature_0044,float,,Feature 44 of the MolMap descriptor
feature_0045,float,,Feature 45 of the MolMap descriptor
feature_0046,float,,Feature 46 of the MolMap descriptor
feature_0047,float,,Feature 47 of the MolMap descriptor
feature_0048,float,,Feature 48 of the MolMap descriptor
feature_0049,float,,Feature 49 of the MolMap descriptor
feature_0050,float,,Feature 50 of the MolMap descriptor
feature_0051,float,,Feature 51 of the MolMap descriptor
feature_0052,float,,Feature 52 of the MolMap descriptor
feature_0053,float,,Feature 53 of the MolMap descriptor
feature_0054,float,,Feature 54 of the MolMap descriptor
feature_0055,float,,Feature 55 of the MolMap descriptor
feature_0056,float,,Feature 56 of the MolMap descriptor
feature_0057,float,,Feature 57 of the MolMap descriptor
feature_0058,float,,Feature 58 of the MolMap descriptor
feature_0059,float,,Feature 59 of the MolMap descriptor
feature_0060,float,,Feature 60 of the MolMap descriptor
feature_0061,float,,Feature 61 of the MolMap descriptor
feature_0062,float,,Feature 62 of the MolMap descriptor
feature_0063,float,,Feature 63 of the MolMap descriptor
feature_0064,float,,Feature 64 of the MolMap descriptor
feature_0065,float,,Feature 65 of the MolMap descriptor
feature_0066,float,,Feature 66 of the MolMap descriptor
feature_0067,float,,Feature 67 of the MolMap descriptor
feature_0068,float,,Feature 68 of the MolMap descriptor
feature_0069,float,,Feature 69 of the MolMap descriptor
feature_0070,float,,Feature 70 of the MolMap descriptor
feature_0071,float,,Feature 71 of the MolMap descriptor
feature_0072,float,,Feature 72 of the MolMap descriptor
feature_0073,float,,Feature 73 of the MolMap descriptor
feature_0074,float,,Feature 74 of the MolMap descriptor
feature_0075,float,,Feature 75 of the MolMap descriptor
feature_0076,float,,Feature 76 of the MolMap descriptor
feature_0077,float,,Feature 77 of the MolMap descriptor
feature_0078,float,,Feature 78 of the MolMap descriptor
feature_0079,float,,Feature 79 of the MolMap descriptor
feature_0080,float,,Feature 80 of the MolMap descriptor
feature_0081,float,,Feature 81 of the MolMap descriptor
feature_0082,float,,Feature 82 of the MolMap descriptor
feature_0083,float,,Feature 83 of the MolMap descriptor
feature_0084,float,,Feature 84 of the MolMap descriptor
feature_0085,float,,Feature 85 of the MolMap descriptor
feature_0086,float,,Feature 86 of the MolMap descriptor
feature_0087,float,,Feature 87 of the MolMap descriptor
feature_0088,float,,Feature 88 of the MolMap descriptor
feature_0089,float,,Feature 89 of the MolMap descriptor
feature_0090,float,,Feature 90 of the MolMap descriptor
feature_0091,float,,Feature 91 of the MolMap descriptor
feature_0092,float,,Feature 92 of the MolMap descriptor
feature_0093,float,,Feature 93 of the MolMap descriptor
feature_0094,float,,Feature 94 of the MolMap descriptor
feature_0095,float,,Feature 95 of the MolMap descriptor
feature_0096,float,,Feature 96 of the MolMap descriptor
feature_0097,float,,Feature 97 of the MolMap descriptor
feature_0098,float,,Feature 98 of the MolMap descriptor
feature_0099,float,,Feature 99 of the MolMap descriptor
feature_0100,float,,Feature 100 of the MolMap descriptor
feature_0101,float,,Feature 101 of the MolMap descriptor
feature_0102,float,,Feature 102 of the MolMap descriptor
feature_0103,float,,Feature 103 of the MolMap descriptor
feature_0104,float,,Feature 104 of the MolMap descriptor
feature_0105,float,,Feature 105 of the MolMap descriptor
feature_0106,float,,Feature 106 of the MolMap descriptor
feature_0107,float,,Feature 107 of the MolMap descriptor
feature_0108,float,,Feature 108 of the MolMap descriptor
feature_0109,float,,Feature 109 of the MolMap descriptor
feature_0110,float,,Feature 110 of the MolMap descriptor
feature_0111,float,,Feature 111 of the MolMap descriptor
feature_0112,float,,Feature 112 of the MolMap descriptor
feature_0113,float,,Feature 113 of the MolMap descriptor
feature_0114,float,,Feature 114 of the MolMap descriptor
feature_0115,float,,Feature 115 of the MolMap descriptor
feature_0116,float,,Feature 116 of the MolMap descriptor
feature_0117,float,,Feature 117 of the MolMap descriptor
feature_0118,float,,Feature 118 of the MolMap descriptor
feature_0119,float,,Feature 119 of the MolMap descriptor
feature_0120,float,,Feature 120 of the MolMap descriptor
feature_0121,float,,Feature 121 of the MolMap descriptor
feature_0122,float,,Feature 122 of the MolMap descriptor
feature_0123,float,,Feature 123 of the MolMap descriptor
feature_0124,float,,Feature 124 of the MolMap descriptor
feature_0125,float,,Feature 125 of the MolMap descriptor
feature_0126,float,,Feature 126 of the MolMap descriptor
feature_0127,float,,Feature 127 of the MolMap descriptor
feature_0128,float,,Feature 128 of the MolMap descriptor
feature_0129,float,,Feature 129 of the MolMap descriptor
feature_0130,float,,Feature 130 of the MolMap descriptor
feature_0131,float,,Feature 131 of the MolMap descriptor
feature_0132,float,,Feature 132 of the MolMap descriptor
feature_0133,float,,Feature 133 of the MolMap descriptor
feature_0134,float,,Feature 134 of the MolMap descriptor
feature_0135,float,,Feature 135 of the MolMap descriptor
feature_0136,float,,Feature 136 of the MolMap descriptor
feature_0137,float,,Feature 137 of the MolMap descriptor
feature_0138,float,,Feature 138 of the MolMap descriptor
feature_0139,float,,Feature 139 of the MolMap descriptor
feature_0140,float,,Feature 140 of the MolMap descriptor
feature_0141,float,,Feature 141 of the MolMap descriptor
feature_0142,float,,Feature 142 of the MolMap descriptor
feature_0143,float,,Feature 143 of the MolMap descriptor
feature_0144,float,,Feature 144 of the MolMap descriptor
feature_0145,float,,Feature 145 of the MolMap descriptor
feature_0146,float,,Feature 146 of the MolMap descriptor
feature_0147,float,,Feature 147 of the MolMap descriptor
feature_0148,float,,Feature 148 of the MolMap descriptor
feature_0149,float,,Feature 149 of the MolMap descriptor
feature_0150,float,,Feature 150 of the MolMap descriptor
feature_0151,float,,Feature 151 of the MolMap descriptor
feature_0152,float,,Feature 152 of the MolMap descriptor
feature_0153,float,,Feature 153 of the MolMap descriptor
feature_0154,float,,Feature 154 of the MolMap descriptor
feature_0155,float,,Feature 155 of the MolMap descriptor
feature_0156,float,,Feature 156 of the MolMap descriptor
feature_0157,float,,Feature 157 of the MolMap descriptor
feature_0158,float,,Feature 158 of the MolMap descriptor
feature_0159,float,,Feature 159 of the MolMap descriptor
feature_0160,float,,Feature 160 of the MolMap descriptor
feature_0161,float,,Feature 161 of the MolMap descriptor
feature_0162,float,,Feature 162 of the MolMap descriptor
feature_0163,float,,Feature 163 of the MolMap descriptor
feature_0164,float,,Feature 164 of the MolMap descriptor
feature_0165,float,,Feature 165 of the MolMap descriptor
feature_0166,float,,Feature 166 of the MolMap descriptor
feature_0167,float,,Feature 167 of the MolMap descriptor
feature_0168,float,,Feature 168 of the MolMap descriptor
feature_0169,float,,Feature 169 of the MolMap descriptor
feature_0170,float,,Feature 170 of the MolMap descriptor
feature_0171,float,,Feature 171 of the MolMap descriptor
feature_0172,float,,Feature 172 of the MolMap descriptor
feature_0173,float,,Feature 173 of the MolMap descriptor
feature_0174,float,,Feature 174 of the MolMap descriptor
feature_0175,float,,Feature 175 of the MolMap descriptor
feature_0176,float,,Feature 176 of the MolMap descriptor
feature_0177,float,,Feature 177 of the MolMap descriptor
feature_0178,float,,Feature 178 of the MolMap descriptor
feature_0179,float,,Feature 179 of the MolMap descriptor
feature_0180,float,,Feature 180 of the MolMap descriptor
feature_0181,float,,Feature 181 of the MolMap descriptor
feature_0182,float,,Feature 182 of the MolMap descriptor
feature_0183,float,,Feature 183 of the MolMap descriptor
feature_0184,float,,Feature 184 of the MolMap descriptor
feature_0185,float,,Feature 185 of the MolMap descriptor
feature_0186,float,,Feature 186 of the MolMap descriptor
feature_0187,float,,Feature 187 of the MolMap descriptor
feature_0188,float,,Feature 188 of the MolMap descriptor
feature_0189,float,,Feature 189 of the MolMap descriptor
feature_0190,float,,Feature 190 of the MolMap descriptor
feature_0191,float,,Feature 191 of the MolMap descriptor
feature_0192,float,,Feature 192 of the MolMap descriptor
feature_0193,float,,Feature 193 of the MolMap descriptor
feature_0194,float,,Feature 194 of the MolMap descriptor
feature_0195,float,,Feature 195 of the MolMap descriptor
feature_0196,float,,Feature 196 of the MolMap descriptor
feature_0197,float,,Feature 197 of the MolMap descriptor
feature_0198,float,,Feature 198 of the MolMap descriptor
feature_0199,float,,Feature 199 of the MolMap descriptor
feature_0200,float,,Feature 200 of the MolMap descriptor
feature_0201,float,,Feature 201 of the MolMap descriptor
feature_0202,float,,Feature 202 of the MolMap descriptor
feature_0203,float,,Feature 203 of the MolMap descriptor
feature_0204,float,,Feature 204 of the MolMap descriptor
feature_0205,float,,Feature 205 of the MolMap descriptor
feature_0206,float,,Feature 206 of the MolMap descriptor
feature_0207,float,,Feature 207 of the MolMap descriptor
feature_0208,float,,Feature 208 of the MolMap descriptor
feature_0209,float,,Feature 209 of the MolMap descriptor
feature_0210,float,,Feature 210 of the MolMap descriptor
feature_0211,float,,Feature 211 of the MolMap descriptor
feature_0212,float,,Feature 212 of the MolMap descriptor
feature_0213,float,,Feature 213 of the MolMap descriptor
feature_0214,float,,Feature 214 of the MolMap descriptor
feature_0215,float,,Feature 215 of the MolMap descriptor
feature_0216,float,,Feature 216 of the MolMap descriptor
feature_0217,float,,Feature 217 of the MolMap descriptor
feature_0218,float,,Feature 218 of the MolMap descriptor
feature_0219,float,,Feature 219 of the MolMap descriptor
feature_0220,float,,Feature 220 of the MolMap descriptor
feature_0221,float,,Feature 221 of the MolMap descriptor
feature_0222,float,,Feature 222 of the MolMap descriptor
feature_0223,float,,Feature 223 of the MolMap descriptor
feature_0224,float,,Feature 224 of the MolMap descriptor
feature_0225,float,,Feature 225 of the MolMap descriptor
feature_0226,float,,Feature 226 of the MolMap descriptor
feature_0227,float,,Feature 227 of the MolMap descriptor
feature_0228,float,,Feature 228 of the MolMap descriptor
feature_0229,float,,Feature 229 of the MolMap descriptor
feature_0230,float,,Feature 230 of the MolMap descriptor
feature_0231,float,,Feature 231 of the MolMap descriptor
feature_0232,float,,Feature 232 of the MolMap descriptor
feature_0233,float,,Feature 233 of the MolMap descriptor
feature_0234,float,,Feature 234 of the MolMap descriptor
feature_0235,float,,Feature 235 of the MolMap descriptor
feature_0236,float,,Feature 236 of the MolMap descriptor
feature_0237,float,,Feature 237 of the MolMap descriptor
feature_0238,float,,Feature 238 of the MolMap descriptor
feature_0239,float,,Feature 239 of the MolMap descriptor
feature_0240,float,,Feature 240 of the MolMap descriptor
feature_0241,float,,Feature 241 of the MolMap descriptor
feature_0242,float,,Feature 242 of the MolMap descriptor
feature_0243,float,,Feature 243 of the MolMap descriptor
feature_0244,float,,Feature 244 of the MolMap descriptor
feature_0245,float,,Feature 245 of the MolMap descriptor
feature_0246,float,,Feature 246 of the MolMap descriptor
feature_0247,float,,Feature 247 of the MolMap descriptor
feature_0248,float,,Feature 248 of the MolMap descriptor
feature_0249,float,,Feature 249 of the MolMap descriptor
feature_0250,float,,Feature 250 of the MolMap descriptor
feature_0251,float,,Feature 251 of the MolMap descriptor
feature_0252,float,,Feature 252 of the MolMap descriptor
feature_0253,float,,Feature 253 of the MolMap descriptor
feature_0254,float,,Feature 254 of the MolMap descriptor
feature_0255,float,,Feature 255 of the MolMap descriptor
feature_0256,float,,Feature 256 of the MolMap descriptor
feature_0257,float,,Feature 257 of the MolMap descriptor
feature_0258,float,,Feature 258 of the MolMap descriptor
feature_0259,float,,Feature 259 of the MolMap descriptor
feature_0260,float,,Feature 260 of the MolMap descriptor
feature_0261,float,,Feature 261 of the MolMap descriptor
feature_0262,float,,Feature 262 of the MolMap descriptor
feature_0263,float,,Feature 263 of the MolMap descriptor
feature_0264,float,,Feature 264 of the MolMap descriptor
feature_0265,float,,Feature 265 of the MolMap descriptor
feature_0266,float,,Feature 266 of the MolMap descriptor
feature_0267,float,,Feature 267 of the MolMap descriptor
feature_0268,float,,Feature 268 of the MolMap descriptor
feature_0269,float,,Feature 269 of the MolMap descriptor
feature_0270,float,,Feature 270 of the MolMap descriptor
feature_0271,float,,Feature 271 of the MolMap descriptor
feature_0272,float,,Feature 272 of the MolMap descriptor
feature_0273,float,,Feature 273 of the MolMap descriptor
feature_0274,float,,Feature 274 of the MolMap descriptor
feature_0275,float,,Feature 275 of the MolMap descriptor
feature_0276,float,,Feature 276 of the MolMap descriptor
feature_0277,float,,Feature 277 of the MolMap descriptor
feature_0278,float,,Feature 278 of the MolMap descriptor
feature_0279,float,,Feature 279 of the MolMap descriptor
feature_0280,float,,Feature 280 of the MolMap descriptor
feature_0281,float,,Feature 281 of the MolMap descriptor
feature_0282,float,,Feature 282 of the MolMap descriptor
feature_0283,float,,Feature 283 of the MolMap descriptor
feature_0284,float,,Feature 284 of the MolMap descriptor
feature_0285,float,,Feature 285 of the MolMap descriptor
feature_0286,float,,Feature 286 of the MolMap descriptor
feature_0287,float,,Feature 287 of the MolMap descriptor
feature_0288,float,,Feature 288 of the MolMap descriptor
feature_0289,float,,Feature 289 of the MolMap descriptor
feature_0290,float,,Feature 290 of the MolMap descriptor
feature_0291,float,,Feature 291 of the MolMap descriptor
feature_0292,float,,Feature 292 of the MolMap descriptor
feature_0293,float,,Feature 293 of the MolMap descriptor
feature_0294,float,,Feature 294 of the MolMap descriptor
feature_0295,float,,Feature 295 of the MolMap descriptor
feature_0296,float,,Feature 296 of the MolMap descriptor
feature_0297,float,,Feature 297 of the MolMap descriptor
feature_0298,float,,Feature 298 of the MolMap descriptor
feature_0299,float,,Feature 299 of the MolMap descriptor
feature_0300,float,,Feature 300 of the MolMap descriptor
feature_0301,float,,Feature 301 of the MolMap descriptor
feature_0302,float,,Feature 302 of the MolMap descriptor
feature_0303,float,,Feature 303 of the MolMap descriptor
feature_0304,float,,Feature 304 of the MolMap descriptor
feature_0305,float,,Feature 305 of the MolMap descriptor
feature_0306,float,,Feature 306 of the MolMap descriptor
feature_0307,float,,Feature 307 of the MolMap descriptor
feature_0308,float,,Feature 308 of the MolMap descriptor
feature_0309,float,,Feature 309 of the MolMap descriptor
feature_0310,float,,Feature 310 of the MolMap descriptor
feature_0311,float,,Feature 311 of the MolMap descriptor
feature_0312,float,,Feature 312 of the MolMap descriptor
feature_0313,float,,Feature 313 of the MolMap descriptor
feature_0314,float,,Feature 314 of the MolMap descriptor
feature_0315,float,,Feature 315 of the MolMap descriptor
feature_0316,float,,Feature 316 of the MolMap descriptor
feature_0317,float,,Feature 317 of the MolMap descriptor
feature_0318,float,,Feature 318 of the MolMap descriptor
feature_0319,float,,Feature 319 of the MolMap descriptor
feature_0320,float,,Feature 320 of the MolMap descriptor
feature_0321,float,,Feature 321 of the MolMap descriptor
feature_0322,float,,Feature 322 of the MolMap descriptor
feature_0323,float,,Feature 323 of the MolMap descriptor
feature_0324,float,,Feature 324 of the MolMap descriptor
feature_0325,float,,Feature 325 of the MolMap descriptor
feature_0326,float,,Feature 326 of the MolMap descriptor
feature_0327,float,,Feature 327 of the MolMap descriptor
feature_0328,float,,Feature 328 of the MolMap descriptor
feature_0329,float,,Feature 329 of the MolMap descriptor
feature_0330,float,,Feature 330 of the MolMap descriptor
feature_0331,float,,Feature 331 of the MolMap descriptor
feature_0332,float,,Feature 332 of the MolMap descriptor
feature_0333,float,,Feature 333 of the MolMap descriptor
feature_0334,float,,Feature 334 of the MolMap descriptor
feature_0335,float,,Feature 335 of the MolMap descriptor
feature_0336,float,,Feature 336 of the MolMap descriptor
feature_0337,float,,Feature 337 of the MolMap descriptor
feature_0338,float,,Feature 338 of the MolMap descriptor
feature_0339,float,,Feature 339 of the MolMap descriptor
feature_0340,float,,Feature 340 of the MolMap descriptor
feature_0341,float,,Feature 341 of the MolMap descriptor
feature_0342,float,,Feature 342 of the MolMap descriptor
feature_0343,float,,Feature 343 of the MolMap descriptor
feature_0344,float,,Feature 344 of the MolMap descriptor
feature_0345,float,,Feature 345 of the MolMap descriptor
feature_0346,float,,Feature 346 of the MolMap descriptor
feature_0347,float,,Feature 347 of the MolMap descriptor
feature_0348,float,,Feature 348 of the MolMap descriptor
feature_0349,float,,Feature 349 of the MolMap descriptor
feature_0350,float,,Feature 350 of the MolMap descriptor
feature_0351,float,,Feature 351 of the MolMap descriptor
feature_0352,float,,Feature 352 of the MolMap descriptor
feature_0353,float,,Feature 353 of the MolMap descriptor
feature_0354,float,,Feature 354 of the MolMap descriptor
feature_0355,float,,Feature 355 of the MolMap descriptor
feature_0356,float,,Feature 356 of the MolMap descriptor
feature_0357,float,,Feature 357 of the MolMap descriptor
feature_0358,float,,Feature 358 of the MolMap descriptor
feature_0359,float,,Feature 359 of the MolMap descriptor
feature_0360,float,,Feature 360 of the MolMap descriptor
feature_0361,float,,Feature 361 of the MolMap descriptor
feature_0362,float,,Feature 362 of the MolMap descriptor
feature_0363,float,,Feature 363 of the MolMap descriptor
feature_0364,float,,Feature 364 of the MolMap descriptor
feature_0365,float,,Feature 365 of the MolMap descriptor
feature_0366,float,,Feature 366 of the MolMap descriptor
feature_0367,float,,Feature 367 of the MolMap descriptor
feature_0368,float,,Feature 368 of the MolMap descriptor
feature_0369,float,,Feature 369 of the MolMap descriptor
feature_0370,float,,Feature 370 of the MolMap descriptor
feature_0371,float,,Feature 371 of the MolMap descriptor
feature_0372,float,,Feature 372 of the MolMap descriptor
feature_0373,float,,Feature 373 of the MolMap descriptor
feature_0374,float,,Feature 374 of the MolMap descriptor
feature_0375,float,,Feature 375 of the MolMap descriptor
feature_0376,float,,Feature 376 of the MolMap descriptor
feature_0377,float,,Feature 377 of the MolMap descriptor
feature_0378,float,,Feature 378 of the MolMap descriptor
feature_0379,float,,Feature 379 of the MolMap descriptor
feature_0380,float,,Feature 380 of the MolMap descriptor
feature_0381,float,,Feature 381 of the MolMap descriptor
feature_0382,float,,Feature 382 of the MolMap descriptor
feature_0383,float,,Feature 383 of the MolMap descriptor
feature_0384,float,,Feature 384 of the MolMap descriptor
feature_0385,float,,Feature 385 of the MolMap descriptor
feature_0386,float,,Feature 386 of the MolMap descriptor
feature_0387,float,,Feature 387 of the MolMap descriptor
feature_0388,float,,Feature 388 of the MolMap descriptor
feature_0389,float,,Feature 389 of the MolMap descriptor
feature_0390,float,,Feature 390 of the MolMap descriptor
feature_0391,float,,Feature 391 of the MolMap descriptor
feature_0392,float,,Feature 392 of the MolMap descriptor
feature_0393,float,,Feature 393 of the MolMap descriptor
feature_0394,float,,Feature 394 of the MolMap descriptor
feature_0395,float,,Feature 395 of the MolMap descriptor
feature_0396,float,,Feature 396 of the MolMap descriptor
feature_0397,float,,Feature 397 of the MolMap descriptor
feature_0398,float,,Feature 398 of the MolMap descriptor
feature_0399,float,,Feature 399 of the MolMap descriptor
feature_0400,float,,Feature 400 of the MolMap descriptor
feature_0401,float,,Feature 401 of the MolMap descriptor
feature_0402,float,,Feature 402 of the MolMap descriptor
feature_0403,float,,Feature 403 of the MolMap descriptor
feature_0404,float,,Feature 404 of the MolMap descriptor
feature_0405,float,,Feature 405 of the MolMap descriptor
feature_0406,float,,Feature 406 of the MolMap descriptor
feature_0407,float,,Feature 407 of the MolMap descriptor
feature_0408,float,,Feature 408 of the MolMap descriptor
feature_0409,float,,Feature 409 of the MolMap descriptor
feature_0410,float,,Feature 410 of the MolMap descriptor
feature_0411,float,,Feature 411 of the MolMap descriptor
feature_0412,float,,Feature 412 of the MolMap descriptor
feature_0413,float,,Feature 413 of the MolMap descriptor
feature_0414,float,,Feature 414 of the MolMap descriptor
feature_0415,float,,Feature 415 of the MolMap descriptor
feature_0416,float,,Feature 416 of the MolMap descriptor
feature_0417,float,,Feature 417 of the MolMap descriptor
feature_0418,float,,Feature 418 of the MolMap descriptor
feature_0419,float,,Feature 419 of the MolMap descriptor
feature_0420,float,,Feature 420 of the MolMap descriptor
feature_0421,float,,Feature 421 of the MolMap descriptor
feature_0422,float,,Feature 422 of the MolMap descriptor
feature_0423,float,,Feature 423 of the MolMap descriptor
feature_0424,float,,Feature 424 of the MolMap descriptor
feature_0425,float,,Feature 425 of the MolMap descriptor
feature_0426,float,,Feature 426 of the MolMap descriptor
feature_0427,float,,Feature 427 of the MolMap descriptor
feature_0428,float,,Feature 428 of the MolMap descriptor
feature_0429,float,,Feature 429 of the MolMap descriptor
feature_0430,float,,Feature 430 of the MolMap descriptor
feature_0431,float,,Feature 431 of the MolMap descriptor
feature_0432,float,,Feature 432 of the MolMap descriptor
feature_0433,float,,Feature 433 of the MolMap descriptor
feature_0434,float,,Feature 434 of the MolMap descriptor
feature_0435,float,,Feature 435 of the MolMap descriptor
feature_0436,float,,Feature 436 of the MolMap descriptor
feature_0437,float,,Feature 437 of the MolMap descriptor
feature_0438,float,,Feature 438 of the MolMap descriptor
feature_0439,float,,Feature 439 of the MolMap descriptor
feature_0440,float,,Feature 440 of the MolMap descriptor
feature_0441,float,,Feature 441 of the MolMap descriptor
feature_0442,float,,Feature 442 of the MolMap descriptor
feature_0443,float,,Feature 443 of the MolMap descriptor
feature_0444,float,,Feature 444 of the MolMap descriptor
feature_0445,float,,Feature 445 of the MolMap descriptor
feature_0446,float,,Feature 446 of the MolMap descriptor
feature_0447,float,,Feature 447 of the MolMap descriptor
feature_0448,float,,Feature 448 of the MolMap descriptor
feature_0449,float,,Feature 449 of the MolMap descriptor
feature_0450,float,,Feature 450 of the MolMap descriptor
feature_0451,float,,Feature 451 of the MolMap descriptor
feature_0452,float,,Feature 452 of the MolMap descriptor
feature_0453,float,,Feature 453 of the MolMap descriptor
feature_0454,float,,Feature 454 of the MolMap descriptor
feature_0455,float,,Feature 455 of the MolMap descriptor
feature_0456,float,,Feature 456 of the MolMap descriptor
feature_0457,float,,Feature 457 of the MolMap descriptor
feature_0458,float,,Feature 458 of the MolMap descriptor
feature_0459,float,,Feature 459 of the MolMap descriptor
feature_0460,float,,Feature 460 of the MolMap descriptor
feature_0461,float,,Feature 461 of the MolMap descriptor
feature_0462,float,,Feature 462 of the MolMap descriptor
feature_0463,float,,Feature 463 of the MolMap descriptor
feature_0464,float,,Feature 464 of the MolMap descriptor
feature_0465,float,,Feature 465 of the MolMap descriptor
feature_0466,float,,Feature 466 of the MolMap descriptor
feature_0467,float,,Feature 467 of the MolMap descriptor
feature_0468,float,,Feature 468 of the MolMap descriptor
feature_0469,float,,Feature 469 of the MolMap descriptor
feature_0470,float,,Feature 470 of the MolMap descriptor
feature_0471,float,,Feature 471 of the MolMap descriptor
feature_0472,float,,Feature 472 of the MolMap descriptor
feature_0473,float,,Feature 473 of the MolMap descriptor
feature_0474,float,,Feature 474 of the MolMap descriptor
feature_0475,float,,Feature 475 of the MolMap descriptor
feature_0476,float,,Feature 476 of the MolMap descriptor
feature_0477,float,,Feature 477 of the MolMap descriptor
feature_0478,float,,Feature 478 of the MolMap descriptor
feature_0479,float,,Feature 479 of the MolMap descriptor
feature_0480,float,,Feature 480 of the MolMap descriptor
feature_0481,float,,Feature 481 of the MolMap descriptor
feature_0482,float,,Feature 482 of the MolMap descriptor
feature_0483,float,,Feature 483 of the MolMap descriptor
feature_0484,float,,Feature 484 of the MolMap descriptor
feature_0485,float,,Feature 485 of the MolMap descriptor
feature_0486,float,,Feature 486 of the MolMap descriptor
feature_0487,float,,Feature 487 of the MolMap descriptor
feature_0488,float,,Feature 488 of the MolMap descriptor
feature_0489,float,,Feature 489 of the MolMap descriptor
feature_0490,float,,Feature 490 of the MolMap descriptor
feature_0491,float,,Feature 491 of the MolMap descriptor
feature_0492,float,,Feature 492 of the MolMap descriptor
feature_0493,float,,Feature 493 of the MolMap descriptor
feature_0494,float,,Feature 494 of the MolMap descriptor
feature_0495,float,,Feature 495 of the MolMap descriptor
feature_0496,float,,Feature 496 of the MolMap descriptor
feature_0497,float,,Feature 497 of the MolMap descriptor
feature_0498,float,,Feature 498 of the MolMap descriptor
feature_0499,float,,Feature 499 of the MolMap descriptor
feature_0500,float,,Feature 500 of the MolMap descriptor
feature_0501,float,,Feature 501 of the MolMap descriptor
feature_0502,float,,Feature 502 of the MolMap descriptor
feature_0503,float,,Feature 503 of the MolMap descriptor
feature_0504,float,,Feature 504 of the MolMap descriptor
feature_0505,float,,Feature 505 of the MolMap descriptor
feature_0506,float,,Feature 506 of the MolMap descriptor
feature_0507,float,,Feature 507 of the MolMap descriptor
feature_0508,float,,Feature 508 of the MolMap descriptor
feature_0509,float,,Feature 509 of the MolMap descriptor
feature_0510,float,,Feature 510 of the MolMap descriptor
feature_0511,float,,Feature 511 of the MolMap descriptor
feature_0512,float,,Feature 512 of the MolMap descriptor
feature_0513,float,,Feature 513 of the MolMap descriptor
feature_0514,float,,Feature 514 of the MolMap descriptor
feature_0515,float,,Feature 515 of the MolMap descriptor
feature_0516,float,,Feature 516 of the MolMap descriptor
feature_0517,float,,Feature 517 of the MolMap descriptor
feature_0518,float,,Feature 518 of the MolMap descriptor
feature_0519,float,,Feature 519 of the MolMap descriptor
feature_0520,float,,Feature 520 of the MolMap descriptor
feature_0521,float,,Feature 521 of the MolMap descriptor
feature_0522,float,,Feature 522 of the MolMap descriptor
feature_0523,float,,Feature 523 of the MolMap descriptor
feature_0524,float,,Feature 524 of the MolMap descriptor
feature_0525,float,,Feature 525 of the MolMap descriptor
feature_0526,float,,Feature 526 of the MolMap descriptor
feature_0527,float,,Feature 527 of the MolMap descriptor
feature_0528,float,,Feature 528 of the MolMap descriptor
feature_0529,float,,Feature 529 of the MolMap descriptor
feature_0530,float,,Feature 530 of the MolMap descriptor
feature_0531,float,,Feature 531 of the MolMap descriptor
feature_0532,float,,Feature 532 of the MolMap descriptor
feature_0533,float,,Feature 533 of the MolMap descriptor
feature_0534,float,,Feature 534 of the MolMap descriptor
feature_0535,float,,Feature 535 of the MolMap descriptor
feature_0536,float,,Feature 536 of the MolMap descriptor
feature_0537,float,,Feature 537 of the MolMap descriptor
feature_0538,float,,Feature 538 of the MolMap descriptor
feature_0539,float,,Feature 539 of the MolMap descriptor
feature_0540,float,,Feature 540 of the MolMap descriptor
feature_0541,float,,Feature 541 of the MolMap descriptor
feature_0542,float,,Feature 542 of the MolMap descriptor
feature_0543,float,,Feature 543 of the MolMap descriptor
feature_0544,float,,Feature 544 of the MolMap descriptor
feature_0545,float,,Feature 545 of the MolMap descriptor
feature_0546,float,,Feature 546 of the MolMap descriptor
feature_0547,float,,Feature 547 of the MolMap descriptor
feature_0548,float,,Feature 548 of the MolMap descriptor
feature_0549,float,,Feature 549 of the MolMap descriptor
feature_0550,float,,Feature 550 of the MolMap descriptor
feature_0551,float,,Feature 551 of the MolMap descriptor
feature_0552,float,,Feature 552 of the MolMap descriptor
feature_0553,float,,Feature 553 of the MolMap descriptor
feature_0554,float,,Feature 554 of the MolMap descriptor
feature_0555,float,,Feature 555 of the MolMap descriptor
feature_0556,float,,Feature 556 of the MolMap descriptor
feature_0557,float,,Feature 557 of the MolMap descriptor
feature_0558,float,,Feature 558 of the MolMap descriptor
feature_0559,float,,Feature 559 of the MolMap descriptor
feature_0560,float,,Feature 560 of the MolMap descriptor
feature_0561,float,,Feature 561 of the MolMap descriptor
feature_0562,float,,Feature 562 of the MolMap descriptor
feature_0563,float,,Feature 563 of the MolMap descriptor
feature_0564,float,,Feature 564 of the MolMap descriptor
feature_0565,float,,Feature 565 of the MolMap descriptor
feature_0566,float,,Feature 566 of the MolMap descriptor
feature_0567,float,,Feature 567 of the MolMap descriptor
feature_0568,float,,Feature 568 of the MolMap descriptor
feature_0569,float,,Feature 569 of the MolMap descriptor
feature_0570,float,,Feature 570 of the MolMap descriptor
feature_0571,float,,Feature 571 of the MolMap descriptor
feature_0572,float,,Feature 572 of the MolMap descriptor
feature_0573,float,,Feature 573 of the MolMap descriptor
feature_0574,float,,Feature 574 of the MolMap descriptor
feature_0575,float,,Feature 575 of the MolMap descriptor
feature_0576,float,,Feature 576 of the MolMap descriptor
feature_0577,float,,Feature 577 of the MolMap descriptor
feature_0578,float,,Feature 578 of the MolMap descriptor
feature_0579,float,,Feature 579 of the MolMap descriptor
feature_0580,float,,Feature 580 of the MolMap descriptor
feature_0581,float,,Feature 581 of the MolMap descriptor
feature_0582,float,,Feature 582 of the MolMap descriptor
feature_0583,float,,Feature 583 of the MolMap descriptor
feature_0584,float,,Feature 584 of the MolMap descriptor
feature_0585,float,,Feature 585 of the MolMap descriptor
feature_0586,float,,Feature 586 of the MolMap descriptor
feature_0587,float,,Feature 587 of the MolMap descriptor
feature_0588,float,,Feature 588 of the MolMap descriptor
feature_0589,float,,Feature 589 of the MolMap descriptor
feature_0590,float,,Feature 590 of the MolMap descriptor
feature_0591,float,,Feature 591 of the MolMap descriptor
feature_0592,float,,Feature 592 of the MolMap descriptor
feature_0593,float,,Feature 593 of the MolMap descriptor
feature_0594,float,,Feature 594 of the MolMap descriptor
feature_0595,float,,Feature 595 of the MolMap descriptor
feature_0596,float,,Feature 596 of the MolMap descriptor
feature_0597,float,,Feature 597 of the MolMap descriptor
feature_0598,float,,Feature 598 of the MolMap descriptor
feature_0599,float,,Feature 599 of the MolMap descriptor
feature_0600,float,,Feature 600 of the MolMap descriptor
feature_0601,float,,Feature 601 of the MolMap descriptor
feature_0602,float,,Feature 602 of the MolMap descriptor
feature_0603,float,,Feature 603 of the MolMap descriptor
feature_0604,float,,Feature 604 of the MolMap descriptor
feature_0605,float,,Feature 605 of the MolMap descriptor
feature_0606,float,,Feature 606 of the MolMap descriptor
feature_0607,float,,Feature 607 of the MolMap descriptor
feature_0608,float,,Feature 608 of the MolMap descriptor
feature_0609,float,,Feature 609 of the MolMap descriptor
feature_0610,float,,Feature 610 of the MolMap descriptor
feature_0611,float,,Feature 611 of the MolMap descriptor
feature_0612,float,,Feature 612 of the MolMap descriptor
feature_0613,float,,Feature 613 of the MolMap descriptor
feature_0614,float,,Feature 614 of the MolMap descriptor
feature_0615,float,,Feature 615 of the MolMap descriptor
feature_0616,float,,Feature 616 of the MolMap descriptor
feature_0617,float,,Feature 617 of the MolMap descriptor
feature_0618,float,,Feature 618 of the MolMap descriptor
feature_0619,float,,Feature 619 of the MolMap descriptor
feature_0620,float,,Feature 620 of the MolMap descriptor
feature_0621,float,,Feature 621 of the MolMap descriptor
feature_0622,float,,Feature 622 of the MolMap descriptor
feature_0623,float,,Feature 623 of the MolMap descriptor
feature_0624,float,,Feature 624 of the MolMap descriptor
feature_0625,float,,Feature 625 of the MolMap descriptor
feature_0626,float,,Feature 626 of the MolMap descriptor
feature_0627,float,,Feature 627 of the MolMap descriptor
feature_0628,float,,Feature 628 of the MolMap descriptor
feature_0629,float,,Feature 629 of the MolMap descriptor
feature_0630,float,,Feature 630 of the MolMap descriptor
feature_0631,float,,Feature 631 of the MolMap descriptor
feature_0632,float,,Feature 632 of the MolMap descriptor
feature_0633,float,,Feature 633 of the MolMap descriptor
feature_0634,float,,Feature 634 of the MolMap descriptor
feature_0635,float,,Feature 635 of the MolMap descriptor
feature_0636,float,,Feature 636 of the MolMap descriptor
feature_0637,float,,Feature 637 of the MolMap descriptor
feature_0638,float,,Feature 638 of the MolMap descriptor
feature_0639,float,,Feature 639 of the MolMap descriptor
feature_0640,float,,Feature 640 of the MolMap descriptor
feature_0641,float,,Feature 641 of the MolMap descriptor
feature_0642,float,,Feature 642 of the MolMap descriptor
feature_0643,float,,Feature 643 of the MolMap descriptor
feature_0644,float,,Feature 644 of the MolMap descriptor
feature_0645,float,,Feature 645 of the MolMap descriptor
feature_0646,float,,Feature 646 of the MolMap descriptor
feature_0647,float,,Feature 647 of the MolMap descriptor
feature_0648,float,,Feature 648 of the MolMap descriptor
feature_0649,float,,Feature 649 of the MolMap descriptor
feature_0650,float,,Feature 650 of the MolMap descriptor
feature_0651,float,,Feature 651 of the MolMap descriptor
feature_0652,float,,Feature 652 of the MolMap descriptor
feature_0653,float,,Feature 653 of the MolMap descriptor
feature_0654,float,,Feature 654 of the MolMap descriptor
feature_0655,float,,Feature 655 of the MolMap descriptor
feature_0656,float,,Feature 656 of the MolMap descriptor
feature_0657,float,,Feature 657 of the MolMap descriptor
feature_0658,float,,Feature 658 of the MolMap descriptor
feature_0659,float,,Feature 659 of the MolMap descriptor
feature_0660,float,,Feature 660 of the MolMap descriptor
feature_0661,float,,Feature 661 of the MolMap descriptor
feature_0662,float,,Feature 662 of the MolMap descriptor
feature_0663,float,,Feature 663 of the MolMap descriptor
feature_0664,float,,Feature 664 of the MolMap descriptor
feature_0665,float,,Feature 665 of the MolMap descriptor
feature_0666,float,,Feature 666 of the MolMap descriptor
feature_0667,float,,Feature 667 of the MolMap descriptor
feature_0668,float,,Feature 668 of the MolMap descriptor
feature_0669,float,,Feature 669 of the MolMap descriptor
feature_0670,float,,Feature 670 of the MolMap descriptor
feature_0671,float,,Feature 671 of the MolMap descriptor
feature_0672,float,,Feature 672 of the MolMap descriptor
feature_0673,float,,Feature 673 of the MolMap descriptor
feature_0674,float,,Feature 674 of the MolMap descriptor
feature_0675,float,,Feature 675 of the MolMap descriptor
feature_0676,float,,Feature 676 of the MolMap descriptor
feature_0677,float,,Feature 677 of the MolMap descriptor
feature_0678,float,,Feature 678 of the MolMap descriptor
feature_0679,float,,Feature 679 of the MolMap descriptor
feature_0680,float,,Feature 680 of the MolMap descriptor
feature_0681,float,,Feature 681 of the MolMap descriptor
feature_0682,float,,Feature 682 of the MolMap descriptor
feature_0683,float,,Feature 683 of the MolMap descriptor
feature_0684,float,,Feature 684 of the MolMap descriptor
feature_0685,float,,Feature 685 of the MolMap descriptor
feature_0686,float,,Feature 686 of the MolMap descriptor
feature_0687,float,,Feature 687 of the MolMap descriptor
feature_0688,float,,Feature 688 of the MolMap descriptor
feature_0689,float,,Feature 689 of the MolMap descriptor
feature_0690,float,,Feature 690 of the MolMap descriptor
feature_0691,float,,Feature 691 of the MolMap descriptor
feature_0692,float,,Feature 692 of the MolMap descriptor
feature_0693,float,,Feature 693 of the MolMap descriptor
feature_0694,float,,Feature 694 of the MolMap descriptor
feature_0695,float,,Feature 695 of the MolMap descriptor
feature_0696,float,,Feature 696 of the MolMap descriptor
feature_0697,float,,Feature 697 of the MolMap descriptor
feature_0698,float,,Feature 698 of the MolMap descriptor
feature_0699,float,,Feature 699 of the MolMap descriptor
feature_0700,float,,Feature 700 of the MolMap descriptor
feature_0701,float,,Feature 701 of the MolMap descriptor
feature_0702,float,,Feature 702 of the MolMap descriptor
feature_0703,float,,Feature 703 of the MolMap descriptor
feature_0704,float,,Feature 704 of the MolMap descriptor
feature_0705,float,,Feature 705 of the MolMap descriptor
feature_0706,float,,Feature 706 of the MolMap descriptor
feature_0707,float,,Feature 707 of the MolMap descriptor
feature_0708,float,,Feature 708 of the MolMap descriptor
feature_0709,float,,Feature 709 of the MolMap descriptor
feature_0710,float,,Feature 710 of the MolMap descriptor
feature_0711,float,,Feature 711 of the MolMap descriptor
feature_0712,float,,Feature 712 of the MolMap descriptor
feature_0713,float,,Feature 713 of the MolMap descriptor
feature_0714,float,,Feature 714 of the MolMap descriptor
feature_0715,float,,Feature 715 of the MolMap descriptor
feature_0716,float,,Feature 716 of the MolMap descriptor
feature_0717,float,,Feature 717 of the MolMap descriptor
feature_0718,float,,Feature 718 of the MolMap descriptor
feature_0719,float,,Feature 719 of the MolMap descriptor
feature_0720,float,,Feature 720 of the MolMap descriptor
feature_0721,float,,Feature 721 of the MolMap descriptor
feature_0722,float,,Feature 722 of the MolMap descriptor
feature_0723,float,,Feature 723 of the MolMap descriptor
feature_0724,float,,Feature 724 of the MolMap descriptor
feature_0725,float,,Feature 725 of the MolMap descriptor
feature_0726,float,,Feature 726 of the MolMap descriptor
feature_0727,float,,Feature 727 of the MolMap descriptor
feature_0728,float,,Feature 728 of the MolMap descriptor
feature_0729,float,,Feature 729 of the MolMap descriptor
feature_0730,float,,Feature 730 of the MolMap descriptor
feature_0731,float,,Feature 731 of the MolMap descriptor
feature_0732,float,,Feature 732 of the MolMap descriptor
feature_0733,float,,Feature 733 of the MolMap descriptor
feature_0734,float,,Feature 734 of the MolMap descriptor
feature_0735,float,,Feature 735 of the MolMap descriptor
feature_0736,float,,Feature 736 of the MolMap descriptor
feature_0737,float,,Feature 737 of the MolMap descriptor
feature_0738,float,,Feature 738 of the MolMap descriptor
feature_0739,float,,Feature 739 of the MolMap descriptor
feature_0740,float,,Feature 740 of the MolMap descriptor
feature_0741,float,,Feature 741 of the MolMap descriptor
feature_0742,float,,Feature 742 of the MolMap descriptor
feature_0743,float,,Feature 743 of the MolMap descriptor
feature_0744,float,,Feature 744 of the MolMap descriptor
feature_0745,float,,Feature 745 of the MolMap descriptor
feature_0746,float,,Feature 746 of the MolMap descriptor
feature_0747,float,,Feature 747 of the MolMap descriptor
feature_0748,float,,Feature 748 of the MolMap descriptor
feature_0749,float,,Feature 749 of the MolMap descriptor
feature_0750,float,,Feature 750 of the MolMap descriptor
feature_0751,float,,Feature 751 of the MolMap descriptor
feature_0752,float,,Feature 752 of the MolMap descriptor
feature_0753,float,,Feature 753 of the MolMap descriptor
feature_0754,float,,Feature 754 of the MolMap descriptor
feature_0755,float,,Feature 755 of the MolMap descriptor
feature_0756,float,,Feature 756 of the MolMap descriptor
feature_0757,float,,Feature 757 of the MolMap descriptor
feature_0758,float,,Feature 758 of the MolMap descriptor
feature_0759,float,,Feature 759 of the MolMap descriptor
feature_0760,float,,Feature 760 of the MolMap descriptor
feature_0761,float,,Feature 761 of the MolMap descriptor
feature_0762,float,,Feature 762 of the MolMap descriptor
feature_0763,float,,Feature 763 of the MolMap descriptor
feature_0764,float,,Feature 764 of the MolMap descriptor
feature_0765,float,,Feature 765 of the MolMap descriptor
feature_0766,float,,Feature 766 of the MolMap descriptor
feature_0767,float,,Feature 767 of the MolMap descriptor
feature_0768,float,,Feature 768 of the MolMap descriptor
feature_0769,float,,Feature 769 of the MolMap descriptor
feature_0770,float,,Feature 770 of the MolMap descriptor
feature_0771,float,,Feature 771 of the MolMap descriptor
feature_0772,float,,Feature 772 of the MolMap descriptor
feature_0773,float,,Feature 773 of the MolMap descriptor
feature_0774,float,,Feature 774 of the MolMap descriptor
feature_0775,float,,Feature 775 of the MolMap descriptor
feature_0776,float,,Feature 776 of the MolMap descriptor
feature_0777,float,,Feature 777 of the MolMap descriptor
feature_0778,float,,Feature 778 of the MolMap descriptor
feature_0779,float,,Feature 779 of the MolMap descriptor
feature_0780,float,,Feature 780 of the MolMap descriptor
feature_0781,float,,Feature 781 of the MolMap descriptor
feature_0782,float,,Feature 782 of the MolMap descriptor
feature_0783,float,,Feature 783 of the MolMap descriptor
feature_0784,float,,Feature 784 of the MolMap descriptor
feature_0785,float,,Feature 785 of the MolMap descriptor
feature_0786,float,,Feature 786 of the MolMap descriptor
feature_0787,float,,Feature 787 of the MolMap descriptor
feature_0788,float,,Feature 788 of the MolMap descriptor
feature_0789,float,,Feature 789 of the MolMap descriptor
feature_0790,float,,Feature 790 of the MolMap descriptor
feature_0791,float,,Feature 791 of the MolMap descriptor
feature_0792,float,,Feature 792 of the MolMap descriptor
feature_0793,float,,Feature 793 of the MolMap descriptor
feature_0794,float,,Feature 794 of the MolMap descriptor
feature_0795,float,,Feature 795 of the MolMap descriptor
feature_0796,float,,Feature 796 of the MolMap descriptor
feature_0797,float,,Feature 797 of the MolMap descriptor
feature_0798,float,,Feature 798 of the MolMap descriptor
feature_0799,float,,Feature 799 of the MolMap descriptor
feature_0800,float,,Feature 800 of the MolMap descriptor
feature_0801,float,,Feature 801 of the MolMap descriptor
feature_0802,float,,Feature 802 of the MolMap descriptor
feature_0803,float,,Feature 803 of the MolMap descriptor
feature_0804,float,,Feature 804 of the MolMap descriptor
feature_0805,float,,Feature 805 of the MolMap descriptor
feature_0806,float,,Feature 806 of the MolMap descriptor
feature_0807,float,,Feature 807 of the MolMap descriptor
feature_0808,float,,Feature 808 of the MolMap descriptor
feature_0809,float,,Feature 809 of the MolMap descriptor
feature_0810,float,,Feature 810 of the MolMap descriptor
feature_0811,float,,Feature 811 of the MolMap descriptor
feature_0812,float,,Feature 812 of the MolMap descriptor
feature_0813,float,,Feature 813 of the MolMap descriptor
feature_0814,float,,Feature 814 of the MolMap descriptor
feature_0815,float,,Feature 815 of the MolMap descriptor
feature_0816,float,,Feature 816 of the MolMap descriptor
feature_0817,float,,Feature 817 of the MolMap descriptor
feature_0818,float,,Feature 818 of the MolMap descriptor
feature_0819,float,,Feature 819 of the MolMap descriptor
feature_0820,float,,Feature 820 of the MolMap descriptor
feature_0821,float,,Feature 821 of the MolMap descriptor
feature_0822,float,,Feature 822 of the MolMap descriptor
feature_0823,float,,Feature 823 of the MolMap descriptor
feature_0824,float,,Feature 824 of the MolMap descriptor
feature_0825,float,,Feature 825 of the MolMap descriptor
feature_0826,float,,Feature 826 of the MolMap descriptor
feature_0827,float,,Feature 827 of the MolMap descriptor
feature_0828,float,,Feature 828 of the MolMap descriptor
feature_0829,float,,Feature 829 of the MolMap descriptor
feature_0830,float,,Feature 830 of the MolMap descriptor
feature_0831,float,,Feature 831 of the MolMap descriptor
feature_0832,float,,Feature 832 of the MolMap descriptor
feature_0833,float,,Feature 833 of the MolMap descriptor
feature_0834,float,,Feature 834 of the MolMap descriptor
feature_0835,float,,Feature 835 of the MolMap descriptor
feature_0836,float,,Feature 836 of the MolMap descriptor
feature_0837,float,,Feature 837 of the MolMap descriptor
feature_0838,float,,Feature 838 of the MolMap descriptor
feature_0839,float,,Feature 839 of the MolMap descriptor
feature_0840,float,,Feature 840 of the MolMap descriptor
feature_0841,float,,Feature 841 of the MolMap descriptor
feature_0842,float,,Feature 842 of the MolMap descriptor
feature_0843,float,,Feature 843 of the MolMap descriptor
feature_0844,float,,Feature 844 of the MolMap descriptor
feature_0845,float,,Feature 845 of the MolMap descriptor
feature_0846,float,,Feature 846 of the MolMap descriptor
feature_0847,float,,Feature 847 of the MolMap descriptor
feature_0848,float,,Feature 848 of the MolMap descriptor
feature_0849,float,,Feature 849 of the MolMap descriptor
feature_0850,float,,Feature 850 of the MolMap descriptor
feature_0851,float,,Feature 851 of the MolMap descriptor
feature_0852,float,,Feature 852 of the MolMap descriptor
feature_0853,float,,Feature 853 of the MolMap descriptor
feature_0854,float,,Feature 854 of the MolMap descriptor
feature_0855,float,,Feature 855 of the MolMap descriptor
feature_0856,float,,Feature 856 of the MolMap descriptor
feature_0857,float,,Feature 857 of the MolMap descriptor
feature_0858,float,,Feature 858 of the MolMap descriptor
feature_0859,float,,Feature 859 of the MolMap descriptor
feature_0860,float,,Feature 860 of the MolMap descriptor
feature_0861,float,,Feature 861 of the MolMap descriptor
feature_0862,float,,Feature 862 of the MolMap descriptor
feature_0863,float,,Feature 863 of the MolMap descriptor
feature_0864,float,,Feature 864 of the MolMap descriptor
feature_0865,float,,Feature 865 of the MolMap descriptor
feature_0866,float,,Feature 866 of the MolMap descriptor
feature_0867,float,,Feature 867 of the MolMap descriptor
feature_0868,float,,Feature 868 of the MolMap descriptor
feature_0869,float,,Feature 869 of the MolMap descriptor
feature_0870,float,,Feature 870 of the MolMap descriptor
feature_0871,float,,Feature 871 of the MolMap descriptor
feature_0872,float,,Feature 872 of the MolMap descriptor
feature_0873,float,,Feature 873 of the MolMap descriptor
feature_0874,float,,Feature 874 of the MolMap descriptor
feature_0875,float,,Feature 875 of the MolMap descriptor
feature_0876,float,,Feature 876 of the MolMap descriptor
feature_0877,float,,Feature 877 of the MolMap descriptor
feature_0878,float,,Feature 878 of the MolMap descriptor
feature_0879,float,,Feature 879 of the MolMap descriptor
feature_0880,float,,Feature 880 of the MolMap descriptor
feature_0881,float,,Feature 881 of the MolMap descriptor
feature_0882,float,,Feature 882 of the MolMap descriptor
feature_0883,float,,Feature 883 of the MolMap descriptor
feature_0884,float,,Feature 884 of the MolMap descriptor
feature_0885,float,,Feature 885 of the MolMap descriptor
feature_0886,float,,Feature 886 of the MolMap descriptor
feature_0887,float,,Feature 887 of the MolMap descriptor
feature_0888,float,,Feature 888 of the MolMap descriptor
feature_0889,float,,Feature 889 of the MolMap descriptor
feature_0890,float,,Feature 890 of the MolMap descriptor
feature_0891,float,,Feature 891 of the MolMap descriptor
feature_0892,float,,Feature 892 of the MolMap descriptor
feature_0893,float,,Feature 893 of the MolMap descriptor
feature_0894,float,,Feature 894 of the MolMap descriptor
feature_0895,float,,Feature 895 of the MolMap descriptor
feature_0896,float,,Feature 896 of the MolMap descriptor
feature_0897,float,,Feature 897 of the MolMap descriptor
feature_0898,float,,Feature 898 of the MolMap descriptor
feature_0899,float,,Feature 899 of the MolMap descriptor
feature_0900,float,,Feature 900 of the MolMap descriptor
feature_0901,float,,Feature 901 of the MolMap descriptor
feature_0902,float,,Feature 902 of the MolMap descriptor
feature_0903,float,,Feature 903 of the MolMap descriptor
feature_0904,float,,Feature 904 of the MolMap descriptor
feature_0905,float,,Feature 905 of the MolMap descriptor
feature_0906,float,,Feature 906 of the MolMap descriptor
feature_0907,float,,Feature 907 of the MolMap descriptor
feature_0908,float,,Feature 908 of the MolMap descriptor
feature_0909,float,,Feature 909 of the MolMap descriptor
feature_0910,float,,Feature 910 of the MolMap descriptor
feature_0911,float,,Feature 911 of the MolMap descriptor
feature_0912,float,,Feature 912 of the MolMap descriptor
feature_0913,float,,Feature 913 of the MolMap descriptor
feature_0914,float,,Feature 914 of the MolMap descriptor
feature_0915,float,,Feature 915 of the MolMap descriptor
feature_0916,float,,Feature 916 of the MolMap descriptor
feature_0917,float,,Feature 917 of the MolMap descriptor
feature_0918,float,,Feature 918 of the MolMap descriptor
feature_0919,float,,Feature 919 of the MolMap descriptor
feature_0920,float,,Feature 920 of the MolMap descriptor
feature_0921,float,,Feature 921 of the MolMap descriptor
feature_0922,float,,Feature 922 of the MolMap descriptor
feature_0923,float,,Feature 923 of the MolMap descriptor
feature_0924,float,,Feature 924 of the MolMap descriptor
feature_0925,float,,Feature 925 of the MolMap descriptor
feature_0926,float,,Feature 926 of the MolMap descriptor
feature_0927,float,,Feature 927 of the MolMap descriptor
feature_0928,float,,Feature 928 of the MolMap descriptor
feature_0929,float,,Feature 929 of the MolMap descriptor
feature_0930,float,,Feature 930 of the MolMap descriptor
feature_0931,float,,Feature 931 of the MolMap descriptor
feature_0932,float,,Feature 932 of the MolMap descriptor
feature_0933,float,,Feature 933 of the MolMap descriptor
feature_0934,float,,Feature 934 of the MolMap descriptor
feature_0935,float,,Feature 935 of the MolMap descriptor
feature_0936,float,,Feature 936 of the MolMap descriptor
feature_0937,float,,Feature 937 of the MolMap descriptor
feature_0938,float,,Feature 938 of the MolMap descriptor
feature_0939,float,,Feature 939 of the MolMap descriptor
feature_0940,float,,Feature 940 of the MolMap descriptor
feature_0941,float,,Feature 941 of the MolMap descriptor
feature_0942,float,,Feature 942 of the MolMap descriptor
feature_0943,float,,Feature 943 of the MolMap descriptor
feature_0944,float,,Feature 944 of the MolMap descriptor
feature_0945,float,,Feature 945 of the MolMap descriptor
feature_0946,float,,Feature 946 of the MolMap descriptor
feature_0947,float,,Feature 947 of the MolMap descriptor
feature_0948,float,,Feature 948 of the MolMap descriptor
feature_0949,float,,Feature 949 of the MolMap descriptor
feature_0950,float,,Feature 950 of the MolMap descriptor
feature_0951,float,,Feature 951 of the MolMap descriptor
feature_0952,float,,Feature 952 of the MolMap descriptor
feature_0953,float,,Feature 953 of the MolMap descriptor
feature_0954,float,,Feature 954 of the MolMap descriptor
feature_0955,float,,Feature 955 of the MolMap descriptor
feature_0956,float,,Feature 956 of the MolMap descriptor
feature_0957,float,,Feature 957 of the MolMap descriptor
feature_0958,float,,Feature 958 of the MolMap descriptor
feature_0959,float,,Feature 959 of the MolMap descriptor
feature_0960,float,,Feature 960 of the MolMap descriptor
feature_0961,float,,Feature 961 of the MolMap descriptor
feature_0962,float,,Feature 962 of the MolMap descriptor
feature_0963,float,,Feature 963 of the MolMap descriptor
feature_0964,float,,Feature 964 of the MolMap descriptor
feature_0965,float,,Feature 965 of the MolMap descriptor
feature_0966,float,,Feature 966 of the MolMap descriptor
feature_0967,float,,Feature 967 of the MolMap descriptor
feature_0968,float,,Feature 968 of the MolMap descriptor
feature_0969,float,,Feature 969 of the MolMap descriptor
feature_0970,float,,Feature 970 of the MolMap descriptor
feature_0971,float,,Feature 971 of the MolMap descriptor
feature_0972,float,,Feature 972 of the MolMap descriptor
feature_0973,float,,Feature 973 of the MolMap descriptor
feature_0974,float,,Feature 974 of the MolMap descriptor
feature_0975,float,,Feature 975 of the MolMap descriptor
feature_0976,float,,Feature 976 of the MolMap descriptor
feature_0977,float,,Feature 977 of the MolMap descriptor
feature_0978,float,,Feature 978 of the MolMap descriptor
feature_0979,float,,Feature 979 of the MolMap descriptor
feature_0980,float,,Feature 980 of the MolMap descriptor
feature_0981,float,,Feature 981 of the MolMap descriptor
feature_0982,float,,Feature 982 of the MolMap descriptor
feature_0983,float,,Feature 983 of the MolMap descriptor
feature_0984,float,,Feature 984 of the MolMap descriptor
feature_0985,float,,Feature 985 of the MolMap descriptor
feature_0986,float,,Feature 986 of the MolMap descriptor
feature_0987,float,,Feature 987 of the MolMap descriptor
feature_0988,float,,Feature 988 of the MolMap descriptor
feature_0989,float,,Feature 989 of the MolMap descriptor
feature_0990,float,,Feature 990 of the MolMap descriptor
feature_0991,float,,Feature 991 of the MolMap descriptor
feature_0992,float,,Feature 992 of the MolMap descriptor
feature_0993,float,,Feature 993 of the MolMap descriptor
feature_0994,float,,Feature 994 of the MolMap descriptor
feature_0995,float,,Feature 995 of the MolMap descriptor
feature_0996,float,,Feature 996 of the MolMap descriptor
feature_0997,float,,Feature 997 of the MolMap descriptor
feature_0998,float,,Feature 998 of the MolMap descriptor
feature_0999,float,,Feature 999 of the MolMap descriptor
feature_1000,float,,Feature 1000 of the MolMap descriptor
feature_1001,float,,Feature 1001 of the MolMap descriptor
feature_1002,float,,Feature 1002 of the MolMap descriptor
feature_1003,float,,Feature 1003 of the MolMap descriptor
feature_1004,float,,Feature 1004 of the MolMap descriptor
feature_1005,float,,Feature 1005 of the MolMap descriptor
feature_1006,float,,Feature 1006 of the MolMap descriptor
feature_1007,float,,Feature 1007 of the MolMap descriptor
feature_1008,float,,Feature 1008 of the MolMap descriptor
feature_1009,float,,Feature 1009 of the MolMap descriptor
feature_1010,float,,Feature 1010 of the MolMap descriptor
feature_1011,float,,Feature 1011 of the MolMap descriptor
feature_1012,float,,Feature 1012 of the MolMap descriptor
feature_1013,float,,Feature 1013 of the MolMap descriptor
feature_1014,float,,Feature 1014 of the MolMap descriptor
feature_1015,float,,Feature 1015 of the MolMap descriptor
feature_1016,float,,Feature 1016 of the MolMap descriptor
feature_1017,float,,Feature 1017 of the MolMap descriptor
feature_1018,float,,Feature 1018 of the MolMap descriptor
feature_1019,float,,Feature 1019 of the MolMap descriptor
feature_1020,float,,Feature 1020 of the MolMap descriptor
feature_1021,float,,Feature 1021 of the MolMap descriptor
feature_1022,float,,Feature 1022 of the MolMap descriptor
feature_1023,float,,Feature 1023 of the MolMap descriptor
feature_1024,float,,Feature 1024 of the MolMap descriptor
feature_1025,float,,Feature 1025 of the MolMap descriptor
feature_1026,float,,Feature 1026 of the MolMap descriptor
feature_1027,float,,Feature 1027 of the MolMap descriptor
feature_1028,float,,Feature 1028 of the MolMap descriptor
feature_1029,float,,Feature 1029 of the MolMap descriptor
feature_1030,float,,Feature 1030 of the MolMap descriptor
feature_1031,float,,Feature 1031 of the MolMap descriptor
feature_1032,float,,Feature 1032 of the MolMap descriptor
feature_1033,float,,Feature 1033 of the MolMap descriptor
feature_1034,float,,Feature 1034 of the MolMap descriptor
feature_1035,float,,Feature 1035 of the MolMap descriptor
feature_1036,float,,Feature 1036 of the MolMap descriptor
feature_1037,float,,Feature 1037 of the MolMap descriptor
feature_1038,float,,Feature 1038 of the MolMap descriptor
feature_1039,float,,Feature 1039 of the MolMap descriptor
feature_1040,float,,Feature 1040 of the MolMap descriptor
feature_1041,float,,Feature 1041 of the MolMap descriptor
feature_1042,float,,Feature 1042 of the MolMap descriptor
feature_1043,float,,Feature 1043 of the MolMap descriptor
feature_1044,float,,Feature 1044 of the MolMap descriptor
feature_1045,float,,Feature 1045 of the MolMap descriptor
feature_1046,float,,Feature 1046 of the MolMap descriptor
feature_1047,float,,Feature 1047 of the MolMap descriptor
feature_1048,float,,Feature 1048 of the MolMap descriptor
feature_1049,float,,Feature 1049 of the MolMap descriptor
feature_1050,float,,Feature 1050 of the MolMap descriptor
feature_1051,float,,Feature 1051 of the MolMap descriptor
feature_1052,float,,Feature 1052 of the MolMap descriptor
feature_1053,float,,Feature 1053 of the MolMap descriptor
feature_1054,float,,Feature 1054 of the MolMap descriptor
feature_1055,float,,Feature 1055 of the MolMap descriptor
feature_1056,float,,Feature 1056 of the MolMap descriptor
feature_1057,float,,Feature 1057 of the MolMap descriptor
feature_1058,float,,Feature 1058 of the MolMap descriptor
feature_1059,float,,Feature 1059 of the MolMap descriptor
feature_1060,float,,Feature 1060 of the MolMap descriptor
feature_1061,float,,Feature 1061 of the MolMap descriptor
feature_1062,float,,Feature 1062 of the MolMap descriptor
feature_1063,float,,Feature 1063 of the MolMap descriptor
feature_1064,float,,Feature 1064 of the MolMap descriptor
feature_1065,float,,Feature 1065 of the MolMap descriptor
feature_1066,float,,Feature 1066 of the MolMap descriptor
feature_1067,float,,Feature 1067 of the MolMap descriptor
feature_1068,float,,Feature 1068 of the MolMap descriptor
feature_1069,float,,Feature 1069 of the MolMap descriptor
feature_1070,float,,Feature 1070 of the MolMap descriptor
feature_1071,float,,Feature 1071 of the MolMap descriptor
feature_1072,float,,Feature 1072 of the MolMap descriptor
feature_1073,float,,Feature 1073 of the MolMap descriptor
feature_1074,float,,Feature 1074 of the MolMap descriptor
feature_1075,float,,Feature 1075 of the MolMap descriptor
feature_1076,float,,Feature 1076 of the MolMap descriptor
feature_1077,float,,Feature 1077 of the MolMap descriptor
feature_1078,float,,Feature 1078 of the MolMap descriptor
feature_1079,float,,Feature 1079 of the MolMap descriptor
feature_1080,float,,Feature 1080 of the MolMap descriptor
feature_1081,float,,Feature 1081 of the MolMap descriptor
feature_1082,float,,Feature 1082 of the MolMap descriptor
feature_1083,float,,Feature 1083 of the MolMap descriptor
feature_1084,float,,Feature 1084 of the MolMap descriptor
feature_1085,float,,Feature 1085 of the MolMap descriptor
feature_1086,float,,Feature 1086 of the MolMap descriptor
feature_1087,float,,Feature 1087 of the MolMap descriptor
feature_1088,float,,Feature 1088 of the MolMap descriptor
feature_1089,float,,Feature 1089 of the MolMap descriptor
feature_1090,float,,Feature 1090 of the MolMap descriptor
feature_1091,float,,Feature 1091 of the MolMap descriptor
feature_1092,float,,Feature 1092 of the MolMap descriptor
feature_1093,float,,Feature 1093 of the MolMap descriptor
feature_1094,float,,Feature 1094 of the MolMap descriptor
feature_1095,float,,Feature 1095 of the MolMap descriptor
feature_1096,float,,Feature 1096 of the MolMap descriptor
feature_1097,float,,Feature 1097 of the MolMap descriptor
feature_1098,float,,Feature 1098 of the MolMap descriptor
feature_1099,float,,Feature 1099 of the MolMap descriptor
feature_1100,float,,Feature 1100 of the MolMap descriptor
feature_1101,float,,Feature 1101 of the MolMap descriptor
feature_1102,float,,Feature 1102 of the MolMap descriptor
feature_1103,float,,Feature 1103 of the MolMap descriptor
feature_1104,float,,Feature 1104 of the MolMap descriptor
feature_1105,float,,Feature 1105 of the MolMap descriptor
feature_1106,float,,Feature 1106 of the MolMap descriptor
feature_1107,float,,Feature 1107 of the MolMap descriptor
feature_1108,float,,Feature 1108 of the MolMap descriptor
feature_1109,float,,Feature 1109 of the MolMap descriptor
feature_1110,float,,Feature 1110 of the MolMap descriptor
feature_1111,float,,Feature 1111 of the MolMap descriptor
feature_1112,float,,Feature 1112 of the MolMap descriptor
feature_1113,float,,Feature 1113 of the MolMap descriptor
feature_1114,float,,Feature 1114 of the MolMap descriptor
feature_1115,float,,Feature 1115 of the MolMap descriptor
feature_1116,float,,Feature 1116 of the MolMap descriptor
feature_1117,float,,Feature 1117 of the MolMap descriptor
feature_1118,float,,Feature 1118 of the MolMap descriptor
feature_1119,float,,Feature 1119 of the MolMap descriptor
feature_1120,float,,Feature 1120 of the MolMap descriptor
feature_1121,float,,Feature 1121 of the MolMap descriptor
feature_1122,float,,Feature 1122 of the MolMap descriptor
feature_1123,float,,Feature 1123 of the MolMap descriptor
feature_1124,float,,Feature 1124 of the MolMap descriptor
feature_1125,float,,Feature 1125 of the MolMap descriptor
feature_1126,float,,Feature 1126 of the MolMap descriptor
feature_1127,float,,Feature 1127 of the MolMap descriptor
feature_1128,float,,Feature 1128 of the MolMap descriptor
feature_1129,float,,Feature 1129 of the MolMap descriptor
feature_1130,float,,Feature 1130 of the MolMap descriptor
feature_1131,float,,Feature 1131 of the MolMap descriptor
feature_1132,float,,Feature 1132 of the MolMap descriptor
feature_1133,float,,Feature 1133 of the MolMap descriptor
feature_1134,float,,Feature 1134 of the MolMap descriptor
feature_1135,float,,Feature 1135 of the MolMap descriptor
feature_1136,float,,Feature 1136 of the MolMap descriptor
feature_1137,float,,Feature 1137 of the MolMap descriptor
feature_1138,float,,Feature 1138 of the MolMap descriptor
feature_1139,float,,Feature 1139 of the MolMap descriptor
feature_1140,float,,Feature 1140 of the MolMap descriptor
feature_1141,float,,Feature 1141 of the MolMap descriptor
feature_1142,float,,Feature 1142 of the MolMap descriptor
feature_1143,float,,Feature 1143 of the MolMap descriptor
feature_1144,float,,Feature 1144 of the MolMap descriptor
feature_1145,float,,Feature 1145 of the MolMap descriptor
feature_1146,float,,Feature 1146 of the MolMap descriptor
feature_1147,float,,Feature 1147 of the MolMap descriptor
feature_1148,float,,Feature 1148 of the MolMap descriptor
feature_1149,float,,Feature 1149 of the MolMap descriptor
feature_1150,float,,Feature 1150 of the MolMap descriptor
feature_1151,float,,Feature 1151 of the MolMap descriptor
feature_1152,float,,Feature 1152 of the MolMap descriptor
feature_1153,float,,Feature 1153 of the MolMap descriptor
feature_1154,float,,Feature 1154 of the MolMap descriptor
feature_1155,float,,Feature 1155 of the MolMap descriptor
feature_1156,float,,Feature 1156 of the MolMap descriptor
feature_1157,float,,Feature 1157 of the MolMap descriptor
feature_1158,float,,Feature 1158 of the MolMap descriptor
feature_1159,float,,Feature 1159 of the MolMap descriptor
feature_1160,float,,Feature 1160 of the MolMap descriptor
feature_1161,float,,Feature 1161 of the MolMap descriptor
feature_1162,float,,Feature 1162 of the MolMap descriptor
feature_1163,float,,Feature 1163 of the MolMap descriptor
feature_1164,float,,Feature 1164 of the MolMap descriptor
feature_1165,float,,Feature 1165 of the MolMap descriptor
feature_1166,float,,Feature 1166 of the MolMap descriptor
feature_1167,float,,Feature 1167 of the MolMap descriptor
feature_1168,float,,Feature 1168 of the MolMap descriptor
feature_1169,float,,Feature 1169 of the MolMap descriptor
feature_1170,float,,Feature 1170 of the MolMap descriptor
feature_1171,float,,Feature 1171 of the MolMap descriptor
feature_1172,float,,Feature 1172 of the MolMap descriptor
feature_1173,float,,Feature 1173 of the MolMap descriptor
feature_1174,float,,Feature 1174 of the MolMap descriptor
feature_1175,float,,Feature 1175 of the MolMap descriptor
feature_1176,float,,Feature 1176 of the MolMap descriptor
feature_1177,float,,Feature 1177 of the MolMap descriptor
feature_1178,float,,Feature 1178 of the MolMap descriptor
feature_1179,float,,Feature 1179 of the MolMap descriptor
feature_1180,float,,Feature 1180 of the MolMap descriptor
feature_1181,float,,Feature 1181 of the MolMap descriptor
feature_1182,float,,Feature 1182 of the MolMap descriptor
feature_1183,float,,Feature 1183 of the MolMap descriptor
feature_1184,float,,Feature 1184 of the MolMap descriptor
feature_1185,float,,Feature 1185 of the MolMap descriptor
feature_1186,float,,Feature 1186 of the MolMap descriptor
feature_1187,float,,Feature 1187 of the MolMap descriptor
feature_1188,float,,Feature 1188 of the MolMap descriptor
feature_1189,float,,Feature 1189 of the MolMap descriptor
feature_1190,float,,Feature 1190 of the MolMap descriptor
feature_1191,float,,Feature 1191 of the MolMap descriptor
feature_1192,float,,Feature 1192 of the MolMap descriptor
feature_1193,float,,Feature 1193 of the MolMap descriptor
feature_1194,float,,Feature 1194 of the MolMap descriptor
feature_1195,float,,Feature 1195 of the MolMap descriptor
feature_1196,float,,Feature 1196 of the MolMap descriptor
feature_1197,float,,Feature 1197 of the MolMap descriptor
feature_1198,float,,Feature 1198 of the MolMap descriptor
feature_1199,float,,Feature 1199 of the MolMap descriptor
feature_1200,float,,Feature 1200 of the MolMap descriptor
feature_1201,float,,Feature 1201 of the MolMap descriptor
feature_1202,float,,Feature 1202 of the MolMap descriptor
feature_1203,float,,Feature 1203 of the MolMap descriptor
feature_1204,float,,Feature 1204 of the MolMap descriptor
feature_1205,float,,Feature 1205 of the MolMap descriptor
feature_1206,float,,Feature 1206 of the MolMap descriptor
feature_1207,float,,Feature 1207 of the MolMap descriptor
feature_1208,float,,Feature 1208 of the MolMap descriptor
feature_1209,float,,Feature 1209 of the MolMap descriptor
feature_1210,float,,Feature 1210 of the MolMap descriptor
feature_1211,float,,Feature 1211 of the MolMap descriptor
feature_1212,float,,Feature 1212 of the MolMap descriptor
feature_1213,float,,Feature 1213 of the MolMap descriptor
feature_1214,float,,Feature 1214 of the MolMap descriptor
feature_1215,float,,Feature 1215 of the MolMap descriptor
feature_1216,float,,Feature 1216 of the MolMap descriptor
feature_1217,float,,Feature 1217 of the MolMap descriptor
feature_1218,float,,Feature 1218 of the MolMap descriptor
feature_1219,float,,Feature 1219 of the MolMap descriptor
feature_1220,float,,Feature 1220 of the MolMap descriptor
feature_1221,float,,Feature 1221 of the MolMap descriptor
feature_1222,float,,Feature 1222 of the MolMap descriptor
feature_1223,float,,Feature 1223 of the MolMap descriptor
feature_1224,float,,Feature 1224 of the MolMap descriptor
feature_1225,float,,Feature 1225 of the MolMap descriptor
feature_1226,float,,Feature 1226 of the MolMap descriptor
feature_1227,float,,Feature 1227 of the MolMap descriptor
feature_1228,float,,Feature 1228 of the MolMap descriptor
feature_1229,float,,Feature 1229 of the MolMap descriptor
feature_1230,float,,Feature 1230 of the MolMap descriptor
feature_1231,float,,Feature 1231 of the MolMap descriptor
feature_1232,float,,Feature 1232 of the MolMap descriptor
feature_1233,float,,Feature 1233 of the MolMap descriptor
feature_1234,float,,Feature 1234 of the MolMap descriptor
feature_1235,float,,Feature 1235 of the MolMap descriptor
feature_1236,float,,Feature 1236 of the MolMap descriptor
feature_1237,float,,Feature 1237 of the MolMap descriptor
feature_1238,float,,Feature 1238 of the MolMap descriptor
feature_1239,float,,Feature 1239 of the MolMap descriptor
feature_1240,float,,Feature 1240 of the MolMap descriptor
feature_1241,float,,Feature 1241 of the MolMap descriptor
feature_1242,float,,Feature 1242 of the MolMap descriptor
feature_1243,float,,Feature 1243 of the MolMap descriptor
feature_1244,float,,Feature 1244 of the MolMap descriptor
feature_1245,float,,Feature 1245 of the MolMap descriptor
feature_1246,float,,Feature 1246 of the MolMap descriptor
feature_1247,float,,Feature 1247 of the MolMap descriptor
feature_1248,float,,Feature 1248 of the MolMap descriptor
feature_1249,float,,Feature 1249 of the MolMap descriptor
feature_1250,float,,Feature 1250 of the MolMap descriptor
feature_1251,float,,Feature 1251 of the MolMap descriptor
feature_1252,float,,Feature 1252 of the MolMap descriptor
feature_1253,float,,Feature 1253 of the MolMap descriptor
feature_1254,float,,Feature 1254 of the MolMap descriptor
feature_1255,float,,Feature 1255 of the MolMap descriptor
feature_1256,float,,Feature 1256 of the MolMap descriptor
feature_1257,float,,Feature 1257 of the MolMap descriptor
feature_1258,float,,Feature 1258 of the MolMap descriptor
feature_1259,float,,Feature 1259 of the MolMap descriptor
feature_1260,float,,Feature 1260 of the MolMap descriptor
feature_1261,float,,Feature 1261 of the MolMap descriptor
feature_1262,float,,Feature 1262 of the MolMap descriptor
feature_1263,float,,Feature 1263 of the MolMap descriptor
feature_1264,float,,Feature 1264 of the MolMap descriptor
feature_1265,float,,Feature 1265 of the MolMap descriptor
feature_1266,float,,Feature 1266 of the MolMap descriptor
feature_1267,float,,Feature 1267 of the MolMap descriptor
feature_1268,float,,Feature 1268 of the MolMap descriptor
feature_1269,float,,Feature 1269 of the MolMap descriptor
feature_1270,float,,Feature 1270 of the MolMap descriptor
feature_1271,float,,Feature 1271 of the MolMap descriptor
feature_1272,float,,Feature 1272 of the MolMap descriptor
feature_1273,float,,Feature 1273 of the MolMap descriptor
feature_1274,float,,Feature 1274 of the MolMap descriptor
feature_1275,float,,Feature 1275 of the MolMap descriptor
feature_1276,float,,Feature 1276 of the MolMap descriptor
feature_1277,float,,Feature 1277 of the MolMap descriptor
feature_1278,float,,Feature 1278 of the MolMap descriptor
feature_1279,float,,Feature 1279 of the MolMap descriptor
feature_1280,float,,Feature 1280 of the MolMap descriptor
feature_1281,float,,Feature 1281 of the MolMap descriptor
feature_1282,float,,Feature 1282 of the MolMap descriptor
feature_1283,float,,Feature 1283 of the MolMap descriptor
feature_1284,float,,Feature 1284 of the MolMap descriptor
feature_1285,float,,Feature 1285 of the MolMap descriptor
feature_1286,float,,Feature 1286 of the MolMap descriptor
feature_1287,float,,Feature 1287 of the MolMap descriptor
feature_1288,float,,Feature 1288 of the MolMap descriptor
feature_1289,float,,Feature 1289 of the MolMap descriptor
feature_1290,float,,Feature 1290 of the MolMap descriptor
feature_1291,float,,Feature 1291 of the MolMap descriptor
feature_1292,float,,Feature 1292 of the MolMap descriptor
feature_1293,float,,Feature 1293 of the MolMap descriptor
feature_1294,float,,Feature 1294 of the MolMap descriptor
feature_1295,float,,Feature 1295 of the MolMap descriptor
feature_1296,float,,Feature 1296 of the MolMap descriptor
feature_1297,float,,Feature 1297 of the MolMap descriptor
feature_1298,float,,Feature 1298 of the MolMap descriptor
feature_1299,float,,Feature 1299 of the MolMap descriptor
feature_1300,float,,Feature 1300 of the MolMap descriptor
feature_1301,float,,Feature 1301 of the MolMap descriptor
feature_1302,float,,Feature 1302 of the MolMap descriptor
feature_1303,float,,Feature 1303 of the MolMap descriptor
feature_1304,float,,Feature 1304 of the MolMap descriptor
feature_1305,float,,Feature 1305 of the MolMap descriptor
feature_1306,float,,Feature 1306 of the MolMap descriptor
feature_1307,float,,Feature 1307 of the MolMap descriptor
feature_1308,float,,Feature 1308 of the MolMap descriptor
feature_1309,float,,Feature 1309 of the MolMap descriptor
feature_1310,float,,Feature 1310 of the MolMap descriptor
feature_1311,float,,Feature 1311 of the MolMap descriptor
feature_1312,float,,Feature 1312 of the MolMap descriptor
feature_1313,float,,Feature 1313 of the MolMap descriptor
feature_1314,float,,Feature 1314 of the MolMap descriptor
feature_1315,float,,Feature 1315 of the MolMap descriptor
feature_1316,float,,Feature 1316 of the MolMap descriptor
feature_1317,float,,Feature 1317 of the MolMap descriptor
feature_1318,float,,Feature 1318 of the MolMap descriptor
feature_1319,float,,Feature 1319 of the MolMap descriptor
feature_1320,float,,Feature 1320 of the MolMap descriptor
feature_1321,float,,Feature 1321 of the MolMap descriptor
feature_1322,float,,Feature 1322 of the MolMap descriptor
feature_1323,float,,Feature 1323 of the MolMap descriptor
feature_1324,float,,Feature 1324 of the MolMap descriptor
feature_1325,float,,Feature 1325 of the MolMap descriptor
feature_1326,float,,Feature 1326 of the MolMap descriptor
feature_1327,float,,Feature 1327 of the MolMap descriptor
feature_1328,float,,Feature 1328 of the MolMap descriptor
feature_1329,float,,Feature 1329 of the MolMap descriptor
feature_1330,float,,Feature 1330 of the MolMap descriptor
feature_1331,float,,Feature 1331 of the MolMap descriptor
feature_1332,float,,Feature 1332 of the MolMap descriptor
feature_1333,float,,Feature 1333 of the MolMap descriptor
feature_1334,float,,Feature 1334 of the MolMap descriptor
feature_1335,float,,Feature 1335 of the MolMap descriptor
feature_1336,float,,Feature 1336 of the MolMap descriptor
feature_1337,float,,Feature 1337 of the MolMap descriptor
feature_1338,float,,Feature 1338 of the MolMap descriptor
feature_1339,float,,Feature 1339 of the MolMap descriptor
feature_1340,float,,Feature 1340 of the MolMap descriptor
feature_1341,float,,Feature 1341 of the MolMap descriptor
feature_1342,float,,Feature 1342 of the MolMap descriptor
feature_1343,float,,Feature 1343 of the MolMap descriptor
feature_1344,float,,Feature 1344 of the MolMap descriptor
feature_1345,float,,Feature 1345 of the MolMap descriptor
feature_1346,float,,Feature 1346 of the MolMap descriptor
feature_1347,float,,Feature 1347 of the MolMap descriptor
feature_1348,float,,Feature 1348 of the MolMap descriptor
feature_1349,float,,Feature 1349 of the MolMap descriptor
feature_1350,float,,Feature 1350 of the MolMap descriptor
feature_1351,float,,Feature 1351 of the MolMap descriptor
feature_1352,float,,Feature 1352 of the MolMap descriptor
feature_1353,float,,Feature 1353 of the MolMap descriptor
feature_1354,float,,Feature 1354 of the MolMap descriptor
feature_1355,float,,Feature 1355 of the MolMap descriptor
feature_1356,float,,Feature 1356 of the MolMap descriptor
feature_1357,float,,Feature 1357 of the MolMap descriptor
feature_1358,float,,Feature 1358 of the MolMap descriptor
feature_1359,float,,Feature 1359 of the MolMap descriptor
feature_1360,float,,Feature 1360 of the MolMap descriptor
feature_1361,float,,Feature 1361 of the MolMap descriptor
feature_1362,float,,Feature 1362 of the MolMap descriptor
feature_1363,float,,Feature 1363 of the MolMap descriptor
feature_1364,float,,Feature 1364 of the MolMap descriptor
feature_1365,float,,Feature 1365 of the MolMap descriptor
feature_1366,float,,Feature 1366 of the MolMap descriptor
feature_1367,float,,Feature 1367 of the MolMap descriptor
feature_1368,float,,Feature 1368 of the MolMap descriptor
